[{"model": "contenttypes.contenttype", "pk": 1, "fields": {"app_label": "admin", "model": "logentry"}}, {"model": "contenttypes.contenttype", "pk": 2, "fields": {"app_label": "auth", "model": "permission"}}, {"model": "contenttypes.contenttype", "pk": 3, "fields": {"app_label": "auth", "model": "group"}}, {"model": "contenttypes.contenttype", "pk": 4, "fields": {"app_label": "contenttypes", "model": "contenttype"}}, {"model": "contenttypes.contenttype", "pk": 5, "fields": {"app_label": "sessions", "model": "session"}}, {"model": "contenttypes.contenttype", "pk": 6, "fields": {"app_label": "quizz", "model": "user"}}, {"model": "contenttypes.contenttype", "pk": 7, "fields": {"app_label": "quizz", "model": "answer"}}, {"model": "contenttypes.contenttype", "pk": 8, "fields": {"app_label": "quizz", "model": "category"}}, {"model": "contenttypes.contenttype", "pk": 9, "fields": {"app_label": "quizz", "model": "question"}}, {"model": "contenttypes.contenttype", "pk": 10, "fields": {"app_label": "quizz", "model": "quizz"}}, {"model": "contenttypes.contenttype", "pk": 11, "fields": {"app_label": "quizz", "model": "result"}}, {"model": "contenttypes.contenttype", "pk": 12, "fields": {"app_label": "quizz", "model": "questionsanswers"}}, {"model": "contenttypes.contenttype", "pk": 13, "fields": {"app_label": "quizz", "model": "littlestory"}}, {"model": "sessions.session", "pk": "a4aq4trecd6pg9vzk6dhl4hxyu2n3ahp", "fields": {"session_data": "MzUyN2YwMWM2YzBmZjBkNjAyZGYwMGE2ZTM5YmM4YTgzN2I2YWMxNTp7Il9wYXNzd29yZF9yZXNldF90b2tlbiI6IjVpdi0yYWY1OTk0ZjM0OWY0OTNiNzAxNCIsIl9hdXRoX3VzZXJfaWQiOiIxIiwiX2F1dGhfdXNlcl9iYWNrZW5kIjoiZGphbmdvLmNvbnRyaWIuYXV0aC5iYWNrZW5kcy5Nb2RlbEJhY2tlbmQiLCJfYXV0aF91c2VyX2hhc2giOiIxZmIwYjJjM2Q5YWRhNTNlMjJhNmJiM2M2ZWI2ODNjY2IzNDJjY2EyIn0=", "expire_date": "2020-08-24T17:01:50.209Z"}}, {"model": "sessions.session", "pk": "hlioke6n9p4mu1934p99kc62si7i63lx", "fields": {"session_data": "NjA3MzZjNTQyNjVlNTMxMWY0N2NlNjIzOGEyNmUzOTRjZmU0MjQ5NTp7Il9hdXRoX3VzZXJfaWQiOiIxNSIsIl9hdXRoX3VzZXJfYmFja2VuZCI6ImRqYW5nby5jb250cmliLmF1dGguYmFja2VuZHMuTW9kZWxCYWNrZW5kIiwiX2F1dGhfdXNlcl9oYXNoIjoiN2IwMjkzNTA2OWIwNGYxYWQyNzgxNjQyMDk5MzAyYmVkYzBhYzFiMyJ9", "expire_date": "2020-12-06T17:08:20.306Z"}}, {"model": "sessions.session", "pk": "jtdz7zq151g7vpjmzc2ybdedat8qemef", "fields": {"session_data": "YjMzMGU3ODk3Zjc0MGY0NTFhYmVmMjJkZDYzNGE5ZDFlNzAxOTgxZTp7Il9hdXRoX3VzZXJfaWQiOiIxIiwiX2F1dGhfdXNlcl9iYWNrZW5kIjoiZGphbmdvLmNvbnRyaWIuYXV0aC5iYWNrZW5kcy5Nb2RlbEJhY2tlbmQiLCJfYXV0aF91c2VyX2hhc2giOiIxZmIwYjJjM2Q5YWRhNTNlMjJhNmJiM2M2ZWI2ODNjY2IzNDJjY2EyIn0=", "expire_date": "2020-10-29T06:35:36.276Z"}}, {"model": "sessions.session", "pk": "kg06d6ymyhemmhho4ridusqbral1qb55", "fields": {"session_data": "MDgzNzczZjFkOTE0MjY4MDA1YTlkMTcxMDY1ZTg2ODFiNWNlYjhiZDp7Il9hdXRoX3VzZXJfaWQiOiIxIiwiX2F1dGhfdXNlcl9iYWNrZW5kIjoiZGphbmdvLmNvbnRyaWIuYXV0aC5iYWNrZW5kcy5Nb2RlbEJhY2tlbmQiLCJfYXV0aF91c2VyX2hhc2giOiIxZmIwYjJjM2Q5YWRhNTNlMjJhNmJiM2M2ZWI2ODNjY2IzNDJjY2EyIiwidG90YWxfcmVzdWx0IjowfQ==", "expire_date": "2020-10-04T15:48:22.099Z"}}, {"model": "sessions.session", "pk": "t11xum9cr9y9y2ijoj3vzfnfkuttzc9u", "fields": {"session_data": "ZWYxNGI2YjQ5MmM2ZWQ1NWUyY2I0OGM2ZGVkOGU0ZGY4MDM3MzJkZDp7Il9hdXRoX3VzZXJfaWQiOiIyIiwiX2F1dGhfdXNlcl9iYWNrZW5kIjoiZGphbmdvLmNvbnRyaWIuYXV0aC5iYWNrZW5kcy5Nb2RlbEJhY2tlbmQiLCJfYXV0aF91c2VyX2hhc2giOiI2ZDZiYWY3MGJjMzhkMWFkZGM4NjkzZjg2YWI4OWM4YjkwMmJjYTE3In0=", "expire_date": "2020-08-11T05:41:18.333Z"}}, {"model": "sessions.session", "pk": "xrj5oo08258abh7p35dtb5xlcz88e48r", "fields": {"session_data": "YjMzMGU3ODk3Zjc0MGY0NTFhYmVmMjJkZDYzNGE5ZDFlNzAxOTgxZTp7Il9hdXRoX3VzZXJfaWQiOiIxIiwiX2F1dGhfdXNlcl9iYWNrZW5kIjoiZGphbmdvLmNvbnRyaWIuYXV0aC5iYWNrZW5kcy5Nb2RlbEJhY2tlbmQiLCJfYXV0aF91c2VyX2hhc2giOiIxZmIwYjJjM2Q5YWRhNTNlMjJhNmJiM2M2ZWI2ODNjY2IzNDJjY2EyIn0=", "expire_date": "2020-09-10T06:17:28.428Z"}}, {"model": "sessions.session", "pk": "zbuyxt9z2ovr258djp4o2e9l0a60tadr", "fields": {"session_data": "ZWU4MzU3ZDAzNTUzMGVhNGQxNzBmNThiMjJlNzA3YWJmY2JkMGNjMjp7Il9hdXRoX3VzZXJfaWQiOiIxMyIsIl9hdXRoX3VzZXJfYmFja2VuZCI6ImRqYW5nby5jb250cmliLmF1dGguYmFja2VuZHMuTW9kZWxCYWNrZW5kIiwiX2F1dGhfdXNlcl9oYXNoIjoiNzcwYTBhNDA2Mjc4OTBiMmU0ODdiMjdjYmZkZjgwNzMwYjVhMzYwZCJ9", "expire_date": "2020-08-12T05:52:28.698Z"}}, {"model": "quizz.category", "pk": 1, "fields": {"name": "Tri des d\u00e9chets"}}, {"model": "quizz.category", "pk": 2, "fields": {"name": "Premiers secours"}}, {"model": "quizz.category", "pk": 3, "fields": {"name": "Saisonnalit\u00e9"}}, {"model": "quizz.answer", "pk": 4, "fields": {"name": "poubelle jaune", "answer_text": "La poubelle jaune."}}, {"model": "quizz.answer", "pk": 5, "fields": {"name": "poubelle verte", "answer_text": "La poubelle verte."}}, {"model": "quizz.answer", "pk": 6, "fields": {"name": "poubelle ordinaire", "answer_text": "La poubelle ordinaire."}}, {"model": "quizz.answer", "pk": 7, "fields": {"name": "compost", "answer_text": "Dans le compost, si on en a un."}}, {"model": "quizz.answer", "pk": 8, "fields": {"name": "Eviter l'\u00e9touffement", "answer_text": "\u00c9viter l'\u00e9touffement de la victime."}}, {"model": "quizz.answer", "pk": 9, "fields": {"name": "Eviter une crise cardiaque", "answer_text": "\u00c9viter une crise cardiaque."}}, {"model": "quizz.answer", "pk": 10, "fields": {"name": "Ralentir hemorragie", "answer_text": "Ralentir une \u00e9ventuelle h\u00e9morragie."}}, {"model": "quizz.answer", "pk": 11, "fields": {"name": "Retirer le casque", "answer_text": "Il faut lui retirer son casque."}}, {"model": "quizz.answer", "pk": 12, "fields": {"name": "Retirer casque si form\u00e9", "answer_text": "Il ne faut lui retir\u00e9 son casque que si on a la formation ad\u00e9quate pour ne pas aggraver une possible l\u00e9sion cervicale."}}, {"model": "quizz.answer", "pk": 13, "fields": {"name": "Laisser le casque", "answer_text": "Laisser le casque."}}, {"model": "quizz.answer", "pk": 14, "fields": {"name": "victime inconsciente respire", "answer_text": "Lorsque la victime est inconsciente, que son coeur bat et qu'elle respire."}}, {"model": "quizz.answer", "pk": 15, "fields": {"name": "victime inconsciente ne respire pas", "answer_text": "Lorsque la victime est inconsciente et ne respire pas."}}, {"model": "quizz.answer", "pk": 16, "fields": {"name": "vitcime consciente", "answer_text": "Lorsque la victime est consciente."}}, {"model": "quizz.questionsanswers", "pk": 6, "fields": {"question": 31, "answer": 4, "right_answer": true}}, {"model": "quizz.questionsanswers", "pk": 7, "fields": {"question": 31, "answer": 5, "right_answer": false}}, {"model": "quizz.questionsanswers", "pk": 8, "fields": {"question": 31, "answer": 6, "right_answer": false}}, {"model": "quizz.questionsanswers", "pk": 9, "fields": {"question": 32, "answer": 5, "right_answer": false}}, {"model": "quizz.questionsanswers", "pk": 10, "fields": {"question": 32, "answer": 6, "right_answer": true}}, {"model": "quizz.questionsanswers", "pk": 11, "fields": {"question": 32, "answer": 7, "right_answer": true}}, {"model": "quizz.questionsanswers", "pk": 12, "fields": {"question": 33, "answer": 5, "right_answer": false}}, {"model": "quizz.questionsanswers", "pk": 13, "fields": {"question": 33, "answer": 4, "right_answer": true}}, {"model": "quizz.questionsanswers", "pk": 14, "fields": {"question": 33, "answer": 6, "right_answer": false}}, {"model": "quizz.questionsanswers", "pk": 15, "fields": {"question": 34, "answer": 9, "right_answer": false}}, {"model": "quizz.questionsanswers", "pk": 16, "fields": {"question": 34, "answer": 8, "right_answer": true}}, {"model": "quizz.questionsanswers", "pk": 17, "fields": {"question": 34, "answer": 10, "right_answer": false}}, {"model": "quizz.questionsanswers", "pk": 18, "fields": {"question": 35, "answer": 13, "right_answer": false}}, {"model": "quizz.questionsanswers", "pk": 19, "fields": {"question": 35, "answer": 12, "right_answer": true}}, {"model": "quizz.questionsanswers", "pk": 20, "fields": {"question": 35, "answer": 11, "right_answer": false}}, {"model": "quizz.questionsanswers", "pk": 21, "fields": {"question": 36, "answer": 14, "right_answer": true}}, {"model": "quizz.questionsanswers", "pk": 22, "fields": {"question": 36, "answer": 15, "right_answer": false}}, {"model": "quizz.questionsanswers", "pk": 23, "fields": {"question": 36, "answer": 16, "right_answer": false}}, {"model": "auth.permission", "pk": 1, "fields": {"name": "Can add log entry", "content_type": 1, "codename": "add_logentry"}}, {"model": "auth.permission", "pk": 2, "fields": {"name": "Can change log entry", "content_type": 1, "codename": "change_logentry"}}, {"model": "auth.permission", "pk": 3, "fields": {"name": "Can delete log entry", "content_type": 1, "codename": "delete_logentry"}}, {"model": "auth.permission", "pk": 4, "fields": {"name": "Can view log entry", "content_type": 1, "codename": "view_logentry"}}, {"model": "auth.permission", "pk": 5, "fields": {"name": "Can add permission", "content_type": 2, "codename": "add_permission"}}, {"model": "auth.permission", "pk": 6, "fields": {"name": "Can change permission", "content_type": 2, "codename": "change_permission"}}, {"model": "auth.permission", "pk": 7, "fields": {"name": "Can delete permission", "content_type": 2, "codename": "delete_permission"}}, {"model": "auth.permission", "pk": 8, "fields": {"name": "Can view permission", "content_type": 2, "codename": "view_permission"}}, {"model": "auth.permission", "pk": 9, "fields": {"name": "Can add group", "content_type": 3, "codename": "add_group"}}, {"model": "auth.permission", "pk": 10, "fields": {"name": "Can change group", "content_type": 3, "codename": "change_group"}}, {"model": "auth.permission", "pk": 11, "fields": {"name": "Can delete group", "content_type": 3, "codename": "delete_group"}}, {"model": "auth.permission", "pk": 12, "fields": {"name": "Can view group", "content_type": 3, "codename": "view_group"}}, {"model": "auth.permission", "pk": 13, "fields": {"name": "Can add content type", "content_type": 4, "codename": "add_contenttype"}}, {"model": "auth.permission", "pk": 14, "fields": {"name": "Can change content type", "content_type": 4, "codename": "change_contenttype"}}, {"model": "auth.permission", "pk": 15, "fields": {"name": "Can delete content type", "content_type": 4, "codename": "delete_contenttype"}}, {"model": "auth.permission", "pk": 16, "fields": {"name": "Can view content type", "content_type": 4, "codename": "view_contenttype"}}, {"model": "auth.permission", "pk": 17, "fields": {"name": "Can add session", "content_type": 5, "codename": "add_session"}}, {"model": "auth.permission", "pk": 18, "fields": {"name": "Can change session", "content_type": 5, "codename": "change_session"}}, {"model": "auth.permission", "pk": 19, "fields": {"name": "Can delete session", "content_type": 5, "codename": "delete_session"}}, {"model": "auth.permission", "pk": 20, "fields": {"name": "Can view session", "content_type": 5, "codename": "view_session"}}, {"model": "auth.permission", "pk": 21, "fields": {"name": "Can add User", "content_type": 6, "codename": "add_user"}}, {"model": "auth.permission", "pk": 22, "fields": {"name": "Can change User", "content_type": 6, "codename": "change_user"}}, {"model": "auth.permission", "pk": 23, "fields": {"name": "Can delete User", "content_type": 6, "codename": "delete_user"}}, {"model": "auth.permission", "pk": 24, "fields": {"name": "Can view User", "content_type": 6, "codename": "view_user"}}, {"model": "auth.permission", "pk": 25, "fields": {"name": "Can add Answer", "content_type": 7, "codename": "add_answer"}}, {"model": "auth.permission", "pk": 26, "fields": {"name": "Can change Answer", "content_type": 7, "codename": "change_answer"}}, {"model": "auth.permission", "pk": 27, "fields": {"name": "Can delete Answer", "content_type": 7, "codename": "delete_answer"}}, {"model": "auth.permission", "pk": 28, "fields": {"name": "Can view Answer", "content_type": 7, "codename": "view_answer"}}, {"model": "auth.permission", "pk": 29, "fields": {"name": "Can add Cat\u00e9gorie", "content_type": 8, "codename": "add_category"}}, {"model": "auth.permission", "pk": 30, "fields": {"name": "Can change Cat\u00e9gorie", "content_type": 8, "codename": "change_category"}}, {"model": "auth.permission", "pk": 31, "fields": {"name": "Can delete Cat\u00e9gorie", "content_type": 8, "codename": "delete_category"}}, {"model": "auth.permission", "pk": 32, "fields": {"name": "Can view Cat\u00e9gorie", "content_type": 8, "codename": "view_category"}}, {"model": "auth.permission", "pk": 33, "fields": {"name": "Can add Question", "content_type": 9, "codename": "add_question"}}, {"model": "auth.permission", "pk": 34, "fields": {"name": "Can change Question", "content_type": 9, "codename": "change_question"}}, {"model": "auth.permission", "pk": 35, "fields": {"name": "Can delete Question", "content_type": 9, "codename": "delete_question"}}, {"model": "auth.permission", "pk": 36, "fields": {"name": "Can view Question", "content_type": 9, "codename": "view_question"}}, {"model": "auth.permission", "pk": 37, "fields": {"name": "Can add Quizz", "content_type": 10, "codename": "add_quizz"}}, {"model": "auth.permission", "pk": 38, "fields": {"name": "Can change Quizz", "content_type": 10, "codename": "change_quizz"}}, {"model": "auth.permission", "pk": 39, "fields": {"name": "Can delete Quizz", "content_type": 10, "codename": "delete_quizz"}}, {"model": "auth.permission", "pk": 40, "fields": {"name": "Can view Quizz", "content_type": 10, "codename": "view_quizz"}}, {"model": "auth.permission", "pk": 41, "fields": {"name": "Can add UserQuizz", "content_type": 11, "codename": "add_result"}}, {"model": "auth.permission", "pk": 42, "fields": {"name": "Can change UserQuizz", "content_type": 11, "codename": "change_result"}}, {"model": "auth.permission", "pk": 43, "fields": {"name": "Can delete UserQuizz", "content_type": 11, "codename": "delete_result"}}, {"model": "auth.permission", "pk": 44, "fields": {"name": "Can view UserQuizz", "content_type": 11, "codename": "view_result"}}, {"model": "auth.permission", "pk": 45, "fields": {"name": "Can add QuestionsAnswers", "content_type": 12, "codename": "add_questionsanswers"}}, {"model": "auth.permission", "pk": 46, "fields": {"name": "Can change QuestionsAnswers", "content_type": 12, "codename": "change_questionsanswers"}}, {"model": "auth.permission", "pk": 47, "fields": {"name": "Can delete QuestionsAnswers", "content_type": 12, "codename": "delete_questionsanswers"}}, {"model": "auth.permission", "pk": 48, "fields": {"name": "Can view QuestionsAnswers", "content_type": 12, "codename": "view_questionsanswers"}}, {"model": "auth.permission", "pk": 49, "fields": {"name": "Can add Little Story", "content_type": 13, "codename": "add_littlestory"}}, {"model": "auth.permission", "pk": 50, "fields": {"name": "Can change Little Story", "content_type": 13, "codename": "change_littlestory"}}, {"model": "auth.permission", "pk": 51, "fields": {"name": "Can delete Little Story", "content_type": 13, "codename": "delete_littlestory"}}, {"model": "auth.permission", "pk": 52, "fields": {"name": "Can view Little Story", "content_type": 13, "codename": "view_littlestory"}}, {"model": "quizz.user", "pk": 1, "fields": {"password": "pbkdf2_sha256$180000$Nri75pDcojoB$wepnufKp0qC/o+CxvU4R5+5/C69t11G+nVTHAlrEsAA=", "last_login": "2020-11-22T17:05:04.374Z", "is_superuser": true, "first_name": "lanou", "last_name": "test", "email": "helene.courau@gmail.com", "is_staff": true, "is_active": true, "date_joined": "2020-07-18T13:09:09Z", "username": "admin", "groups": [], "user_permissions": []}}, {"model": "quizz.user", "pk": 2, "fields": {"password": "pbkdf2_sha256$180000$I2zZgcCjFwWf$ftS97pbHf21wPeqpTe+kgtysaxE26tQ0ckb+LQ4F69g=", "last_login": "2020-07-28T05:40:48.900Z", "is_superuser": false, "first_name": "H\u00e9l\u00e8ne", "last_name": "Courau", "email": "helene.courau@gmail.com", "is_staff": false, "is_active": true, "date_joined": "2020-07-22T05:42:12.001Z", "username": "helene", "groups": [], "user_permissions": []}}, {"model": "quizz.user", "pk": 3, "fields": {"password": "pbkdf2_sha256$180000$7jSmnJYOJkRI$Xz5g4QtYj8+n8bXAZNJaSUORZkIwV9bTP1caJUAaORA=", "last_login": "2020-07-22T05:43:09.782Z", "is_superuser": false, "first_name": "H\u00e9l\u00e8ne", "last_name": "Courau", "email": "helene.courau@gmail.com", "is_staff": false, "is_active": true, "date_joined": "2020-07-22T05:43:09.592Z", "username": "helene2", "groups": [], "user_permissions": []}}, {"model": "quizz.user", "pk": 4, "fields": {"password": "pbkdf2_sha256$180000$LG9ikyTdfz9X$VSSXnXWBYH08Jc2cTVRSrENL4osVURmz09fu41Zz+0c=", "last_login": "2020-07-26T13:27:23.961Z", "is_superuser": false, "first_name": "coucou", "last_name": "hibou", "email": "g@test.com", "is_staff": false, "is_active": true, "date_joined": "2020-07-26T13:27:23.478Z", "username": "coucou", "groups": [], "user_permissions": []}}, {"model": "quizz.user", "pk": 13, "fields": {"password": "pbkdf2_sha256$180000$ffbDopRxdD97$Kxi0T17LXyRLfdcsrEgnWiSm3tI63krTpffjQDx42to=", "last_login": "2020-07-29T05:59:15.255Z", "is_superuser": false, "first_name": "test", "last_name": "test", "email": "t.c@gmail.com", "is_staff": false, "is_active": true, "date_joined": "2020-07-29T05:51:03.290Z", "username": "test", "groups": [], "user_permissions": []}}, {"model": "quizz.user", "pk": 14, "fields": {"password": "pbkdf2_sha256$180000$lphYdl1baP9r$xZOK6bYVa2eFyrnxujrfck+PftqGrA0EXo7IhLjQMbU=", "last_login": "2020-08-01T11:31:42.068Z", "is_superuser": false, "first_name": "nadja", "last_name": "crozaguil", "email": "nadja.crozaguil@gmail.com", "is_staff": false, "is_active": true, "date_joined": "2020-08-01T11:31:41.544Z", "username": "nadja", "groups": [], "user_permissions": []}}, {"model": "quizz.user", "pk": 15, "fields": {"password": "pbkdf2_sha256$180000$L5xLeIS5OqfI$ZzQWW731fQSym1/OKVyiAMMw2OppHJRVg89IF72ca3Y=", "last_login": "2020-11-22T17:08:20.305Z", "is_superuser": false, "first_name": "amanada", "last_name": "trip", "email": "helene.courau@gmail.com", "is_staff": false, "is_active": true, "date_joined": "2020-11-22T17:08:20.117Z", "username": "amanda", "groups": [], "user_permissions": []}}, {"model": "quizz.quizz", "pk": 10, "fields": {"name": "Tri des d\u00e9chets - niveau 1", "create_by": 1, "category": 1}}, {"model": "quizz.quizz", "pk": 11, "fields": {"name": "Premier secours - La PLS", "create_by": 1, "category": 2}}, {"model": "quizz.question", "pk": 31, "fields": {"name": "plastique/poubelles", "question_text": "Dans quelle poubelle met-on une bouteille en plastique?", "create_by": 1, "category": 1, "quizz": [10]}}, {"model": "quizz.question", "pk": 32, "fields": {"name": "\u00e9pluchure/poubelle", "question_text": "Dans quelle poubelle peut-on mettre des \u00e9pluchures de carottes?", "create_by": 1, "category": 1, "quizz": [10]}}, {"model": "quizz.question", "pk": 33, "fields": {"name": "cannette/poubelle", "question_text": "Dans quelle poubelle met-on une cannette de coca vide?", "create_by": 1, "category": 1, "quizz": [10]}}, {"model": "quizz.question", "pk": 34, "fields": {"name": "But de la PLS", "question_text": "Le but de la PLS est de", "create_by": 1, "category": 2, "quizz": [11]}}, {"model": "quizz.question", "pk": 35, "fields": {"name": "Victime casqu\u00e9e", "question_text": "Si la victime porte un casque, par exemple dans le cas d'un accident impliquant un motard, que faut-il faire?", "create_by": 1, "category": 2, "quizz": [11]}}, {"model": "quizz.question", "pk": 36, "fields": {"name": "Cas dans lequel faire une PLS", "question_text": "Dans quel cas faut-il absolument mettre la victime en PLS?", "create_by": 1, "category": 2, "quizz": [11]}}, {"model": "quizz.result", "pk": 7, "fields": {"user": 1, "quizz": 10, "score": 2, "last_date": "2020-11-22T18:05:36.913Z", "success": true}}, {"model": "quizz.result", "pk": 8, "fields": {"user": 15, "quizz": 10, "score": 2, "last_date": "2020-11-24T08:44:27.287Z", "success": true}}, {"model": "admin.logentry", "pk": 1, "fields": {"action_time": "2020-07-26T12:43:43.984Z", "user": 1, "content_type": 6, "object_id": "1", "object_repr": "admin", "action_flag": 2, "change_message": "[{\"changed\": {\"fields\": [\"First name\", \"Last name\"]}}]"}}, {"model": "admin.logentry", "pk": 2, "fields": {"action_time": "2020-08-11T16:15:53.468Z", "user": 1, "content_type": 8, "object_id": "1", "object_repr": "tri", "action_flag": 1, "change_message": "[{\"added\": {}}]"}}, {"model": "admin.logentry", "pk": 3, "fields": {"action_time": "2020-08-11T16:16:19.125Z", "user": 1, "content_type": 8, "object_id": "2", "object_repr": "Premiers secours", "action_flag": 1, "change_message": "[{\"added\": {}}]"}}, {"model": "admin.logentry", "pk": 4, "fields": {"action_time": "2020-08-11T16:16:30.662Z", "user": 1, "content_type": 8, "object_id": "1", "object_repr": "Tri des d\u00e9chets", "action_flag": 2, "change_message": "[{\"changed\": {\"fields\": [\"Name\"]}}]"}}, {"model": "admin.logentry", "pk": 5, "fields": {"action_time": "2020-08-11T16:16:50.346Z", "user": 1, "content_type": 8, "object_id": "3", "object_repr": "Saisonnalit\u00e9", "action_flag": 1, "change_message": "[{\"added\": {}}]"}}, {"model": "admin.logentry", "pk": 6, "fields": {"action_time": "2020-08-11T16:18:17.971Z", "user": 1, "content_type": 10, "object_id": "1", "object_repr": "1 - tri", "action_flag": 1, "change_message": "[{\"added\": {}}]"}}, {"model": "admin.logentry", "pk": 7, "fields": {"action_time": "2020-08-11T16:18:44.376Z", "user": 1, "content_type": 9, "object_id": "1", "object_repr": "1", "action_flag": 1, "change_message": "[{\"added\": {}}]"}}, {"model": "admin.logentry", "pk": 8, "fields": {"action_time": "2020-08-11T16:19:30.155Z", "user": 1, "content_type": 9, "object_id": "2", "object_repr": "2", "action_flag": 1, "change_message": "[{\"added\": {}}]"}}, {"model": "admin.logentry", "pk": 9, "fields": {"action_time": "2020-08-11T16:19:48.624Z", "user": 1, "content_type": 9, "object_id": "3", "object_repr": "3", "action_flag": 1, "change_message": "[{\"added\": {}}]"}}, {"model": "admin.logentry", "pk": 10, "fields": {"action_time": "2020-08-11T16:20:08.704Z", "user": 1, "content_type": 9, "object_id": "4", "object_repr": "4", "action_flag": 1, "change_message": "[{\"added\": {}}]"}}, {"model": "admin.logentry", "pk": 11, "fields": {"action_time": "2020-08-11T16:20:22.661Z", "user": 1, "content_type": 9, "object_id": "5", "object_repr": "5", "action_flag": 1, "change_message": "[{\"added\": {}}]"}}, {"model": "admin.logentry", "pk": 12, "fields": {"action_time": "2020-08-11T16:20:45.284Z", "user": 1, "content_type": 9, "object_id": "6", "object_repr": "6", "action_flag": 1, "change_message": "[{\"added\": {}}]"}}, {"model": "admin.logentry", "pk": 13, "fields": {"action_time": "2020-08-11T16:21:03.962Z", "user": 1, "content_type": 9, "object_id": "7", "object_repr": "7", "action_flag": 1, "change_message": "[{\"added\": {}}]"}}, {"model": "admin.logentry", "pk": 14, "fields": {"action_time": "2020-08-11T16:21:15.112Z", "user": 1, "content_type": 9, "object_id": "8", "object_repr": "8", "action_flag": 1, "change_message": "[{\"added\": {}}]"}}, {"model": "admin.logentry", "pk": 15, "fields": {"action_time": "2020-08-11T16:21:30.452Z", "user": 1, "content_type": 9, "object_id": "9", "object_repr": "9", "action_flag": 1, "change_message": "[{\"added\": {}}]"}}, {"model": "admin.logentry", "pk": 16, "fields": {"action_time": "2020-08-11T16:21:43.897Z", "user": 1, "content_type": 9, "object_id": "10", "object_repr": "10", "action_flag": 1, "change_message": "[{\"added\": {}}]"}}, {"model": "admin.logentry", "pk": 17, "fields": {"action_time": "2020-08-11T16:22:08.428Z", "user": 1, "content_type": 10, "object_id": "2", "object_repr": "2 - tri", "action_flag": 1, "change_message": "[{\"added\": {}}]"}}, {"model": "admin.logentry", "pk": 18, "fields": {"action_time": "2020-08-11T16:22:23.233Z", "user": 1, "content_type": 10, "object_id": "3", "object_repr": "3 - tri", "action_flag": 1, "change_message": "[{\"added\": {}}]"}}, {"model": "admin.logentry", "pk": 19, "fields": {"action_time": "2020-08-11T16:22:48.931Z", "user": 1, "content_type": 10, "object_id": "4", "object_repr": "1 - saisonnalit\u00e9", "action_flag": 1, "change_message": "[{\"added\": {}}]"}}, {"model": "admin.logentry", "pk": 20, "fields": {"action_time": "2020-08-11T16:22:58.458Z", "user": 1, "content_type": 10, "object_id": "5", "object_repr": "2", "action_flag": 1, "change_message": "[{\"added\": {}}]"}}, {"model": "admin.logentry", "pk": 21, "fields": {"action_time": "2020-08-11T16:23:04.435Z", "user": 1, "content_type": 10, "object_id": "5", "object_repr": "2 - saisonnalit\u00e9", "action_flag": 2, "change_message": "[{\"changed\": {\"fields\": [\"Name\"]}}]"}}, {"model": "admin.logentry", "pk": 22, "fields": {"action_time": "2020-08-11T16:23:14.712Z", "user": 1, "content_type": 10, "object_id": "6", "object_repr": "3 - saisonnalit\u00e9", "action_flag": 1, "change_message": "[{\"added\": {}}]"}}, {"model": "admin.logentry", "pk": 23, "fields": {"action_time": "2020-08-11T16:23:32.968Z", "user": 1, "content_type": 10, "object_id": "7", "object_repr": "1 - secours", "action_flag": 1, "change_message": "[{\"added\": {}}]"}}, {"model": "admin.logentry", "pk": 24, "fields": {"action_time": "2020-08-11T16:23:45.074Z", "user": 1, "content_type": 10, "object_id": "8", "object_repr": "2 - secours", "action_flag": 1, "change_message": "[{\"added\": {}}]"}}, {"model": "admin.logentry", "pk": 25, "fields": {"action_time": "2020-08-11T16:24:00.422Z", "user": 1, "content_type": 10, "object_id": "9", "object_repr": "3 - secours", "action_flag": 1, "change_message": "[{\"added\": {}}]"}}, {"model": "admin.logentry", "pk": 26, "fields": {"action_time": "2020-08-11T16:24:32.946Z", "user": 1, "content_type": 9, "object_id": "10", "object_repr": "10", "action_flag": 2, "change_message": "[{\"changed\": {\"fields\": [\"Quizz\"]}}]"}}, {"model": "admin.logentry", "pk": 27, "fields": {"action_time": "2020-08-11T16:24:40.480Z", "user": 1, "content_type": 9, "object_id": "9", "object_repr": "9", "action_flag": 2, "change_message": "[{\"changed\": {\"fields\": [\"Quizz\"]}}]"}}, {"model": "admin.logentry", "pk": 28, "fields": {"action_time": "2020-08-11T16:24:50.718Z", "user": 1, "content_type": 9, "object_id": "8", "object_repr": "8", "action_flag": 2, "change_message": "[{\"changed\": {\"fields\": [\"Quizz\"]}}]"}}, {"model": "admin.logentry", "pk": 29, "fields": {"action_time": "2020-08-11T16:25:03.723Z", "user": 1, "content_type": 9, "object_id": "7", "object_repr": "7", "action_flag": 2, "change_message": "[{\"changed\": {\"fields\": [\"Quizz\"]}}]"}}, {"model": "admin.logentry", "pk": 30, "fields": {"action_time": "2020-08-11T16:25:10.144Z", "user": 1, "content_type": 9, "object_id": "6", "object_repr": "6", "action_flag": 2, "change_message": "[{\"changed\": {\"fields\": [\"Quizz\"]}}]"}}, {"model": "admin.logentry", "pk": 31, "fields": {"action_time": "2020-08-11T16:25:14.316Z", "user": 1, "content_type": 9, "object_id": "10", "object_repr": "10", "action_flag": 2, "change_message": "[{\"changed\": {\"fields\": [\"Quizz\"]}}]"}}, {"model": "admin.logentry", "pk": 32, "fields": {"action_time": "2020-08-11T16:25:18.844Z", "user": 1, "content_type": 9, "object_id": "9", "object_repr": "9", "action_flag": 2, "change_message": "[{\"changed\": {\"fields\": [\"Quizz\"]}}]"}}, {"model": "admin.logentry", "pk": 33, "fields": {"action_time": "2020-08-11T16:25:22.948Z", "user": 1, "content_type": 9, "object_id": "8", "object_repr": "8", "action_flag": 2, "change_message": "[{\"changed\": {\"fields\": [\"Quizz\"]}}]"}}, {"model": "admin.logentry", "pk": 34, "fields": {"action_time": "2020-08-11T16:25:39.492Z", "user": 1, "content_type": 9, "object_id": "1", "object_repr": "1 - tri", "action_flag": 2, "change_message": "[{\"changed\": {\"fields\": [\"Name\"]}}]"}}, {"model": "admin.logentry", "pk": 35, "fields": {"action_time": "2020-08-11T16:25:46.467Z", "user": 1, "content_type": 9, "object_id": "2", "object_repr": "2 - tri", "action_flag": 2, "change_message": "[{\"changed\": {\"fields\": [\"Name\"]}}]"}}, {"model": "admin.logentry", "pk": 36, "fields": {"action_time": "2020-08-11T16:25:51.941Z", "user": 1, "content_type": 9, "object_id": "3", "object_repr": "3 - tri", "action_flag": 2, "change_message": "[{\"changed\": {\"fields\": [\"Name\"]}}]"}}, {"model": "admin.logentry", "pk": 37, "fields": {"action_time": "2020-08-11T16:25:58.252Z", "user": 1, "content_type": 9, "object_id": "4", "object_repr": "4 - tri", "action_flag": 2, "change_message": "[{\"changed\": {\"fields\": [\"Name\"]}}]"}}, {"model": "admin.logentry", "pk": 38, "fields": {"action_time": "2020-08-11T16:26:07.076Z", "user": 1, "content_type": 9, "object_id": "5", "object_repr": "5 - tri", "action_flag": 2, "change_message": "[{\"changed\": {\"fields\": [\"Name\"]}}]"}}, {"model": "admin.logentry", "pk": 39, "fields": {"action_time": "2020-08-11T16:26:12.122Z", "user": 1, "content_type": 9, "object_id": "6", "object_repr": "6 - tri", "action_flag": 2, "change_message": "[{\"changed\": {\"fields\": [\"Name\"]}}]"}}, {"model": "admin.logentry", "pk": 40, "fields": {"action_time": "2020-08-11T16:26:17.513Z", "user": 1, "content_type": 9, "object_id": "7", "object_repr": "7 - tri", "action_flag": 2, "change_message": "[{\"changed\": {\"fields\": [\"Name\"]}}]"}}, {"model": "admin.logentry", "pk": 41, "fields": {"action_time": "2020-08-11T16:26:23.628Z", "user": 1, "content_type": 9, "object_id": "8", "object_repr": "8 - tri", "action_flag": 2, "change_message": "[{\"changed\": {\"fields\": [\"Name\"]}}]"}}, {"model": "admin.logentry", "pk": 42, "fields": {"action_time": "2020-08-11T16:26:29.460Z", "user": 1, "content_type": 9, "object_id": "9", "object_repr": "9 - tri", "action_flag": 2, "change_message": "[{\"changed\": {\"fields\": [\"Name\"]}}]"}}, {"model": "admin.logentry", "pk": 43, "fields": {"action_time": "2020-08-11T16:26:34.317Z", "user": 1, "content_type": 9, "object_id": "10", "object_repr": "10 - tri", "action_flag": 2, "change_message": "[{\"changed\": {\"fields\": [\"Name\"]}}]"}}, {"model": "admin.logentry", "pk": 44, "fields": {"action_time": "2020-08-11T16:28:23.878Z", "user": 1, "content_type": 9, "object_id": "11", "object_repr": "1 - saisonnalit\u00e9", "action_flag": 1, "change_message": "[{\"added\": {}}]"}}, {"model": "admin.logentry", "pk": 45, "fields": {"action_time": "2020-08-11T16:28:47.372Z", "user": 1, "content_type": 9, "object_id": "12", "object_repr": "2 - saisonnalit\u00e9", "action_flag": 1, "change_message": "[{\"added\": {}}]"}}, {"model": "admin.logentry", "pk": 46, "fields": {"action_time": "2020-08-11T16:29:05.419Z", "user": 1, "content_type": 9, "object_id": "13", "object_repr": "3 - saisonnalit\u00e9", "action_flag": 1, "change_message": "[{\"added\": {}}]"}}, {"model": "admin.logentry", "pk": 47, "fields": {"action_time": "2020-08-11T16:29:29.720Z", "user": 1, "content_type": 9, "object_id": "14", "object_repr": "4 - saisonnalit\u00e9", "action_flag": 1, "change_message": "[{\"added\": {}}]"}}, {"model": "admin.logentry", "pk": 48, "fields": {"action_time": "2020-08-11T16:29:58.829Z", "user": 1, "content_type": 9, "object_id": "15", "object_repr": "5 - saisonnalit\u00e9", "action_flag": 1, "change_message": "[{\"added\": {}}]"}}, {"model": "admin.logentry", "pk": 49, "fields": {"action_time": "2020-08-11T16:30:17.645Z", "user": 1, "content_type": 9, "object_id": "16", "object_repr": "6 - saisonnalit\u00e9", "action_flag": 1, "change_message": "[{\"added\": {}}]"}}, {"model": "admin.logentry", "pk": 50, "fields": {"action_time": "2020-08-11T16:30:32.943Z", "user": 1, "content_type": 9, "object_id": "17", "object_repr": "7 - saisonnalit\u00e9", "action_flag": 1, "change_message": "[{\"added\": {}}]"}}, {"model": "admin.logentry", "pk": 51, "fields": {"action_time": "2020-08-11T16:30:50.162Z", "user": 1, "content_type": 9, "object_id": "18", "object_repr": "8 -  saisonnalit\u00e9", "action_flag": 1, "change_message": "[{\"added\": {}}]"}}, {"model": "admin.logentry", "pk": 52, "fields": {"action_time": "2020-08-11T16:31:09.076Z", "user": 1, "content_type": 9, "object_id": "19", "object_repr": "9 - saisonnalit\u00e9", "action_flag": 1, "change_message": "[{\"added\": {}}]"}}, {"model": "admin.logentry", "pk": 53, "fields": {"action_time": "2020-08-11T16:31:24.037Z", "user": 1, "content_type": 9, "object_id": "20", "object_repr": "10 - saisonnalit\u00e9", "action_flag": 1, "change_message": "[{\"added\": {}}]"}}, {"model": "admin.logentry", "pk": 54, "fields": {"action_time": "2020-08-11T16:31:56.400Z", "user": 1, "content_type": 9, "object_id": "21", "object_repr": "1 - secours", "action_flag": 1, "change_message": "[{\"added\": {}}]"}}, {"model": "admin.logentry", "pk": 55, "fields": {"action_time": "2020-08-11T16:32:15.983Z", "user": 1, "content_type": 9, "object_id": "22", "object_repr": "2 - secours", "action_flag": 1, "change_message": "[{\"added\": {}}]"}}, {"model": "admin.logentry", "pk": 56, "fields": {"action_time": "2020-08-11T16:32:32.402Z", "user": 1, "content_type": 9, "object_id": "23", "object_repr": "3 - secours", "action_flag": 1, "change_message": "[{\"added\": {}}]"}}, {"model": "admin.logentry", "pk": 57, "fields": {"action_time": "2020-08-11T16:32:53.437Z", "user": 1, "content_type": 9, "object_id": "24", "object_repr": "4 - secours", "action_flag": 1, "change_message": "[{\"added\": {}}]"}}, {"model": "admin.logentry", "pk": 58, "fields": {"action_time": "2020-08-11T16:33:07.786Z", "user": 1, "content_type": 9, "object_id": "25", "object_repr": "5 - secours", "action_flag": 1, "change_message": "[{\"added\": {}}]"}}, {"model": "admin.logentry", "pk": 59, "fields": {"action_time": "2020-08-11T16:33:22.886Z", "user": 1, "content_type": 9, "object_id": "26", "object_repr": "6 - secours", "action_flag": 1, "change_message": "[{\"added\": {}}]"}}, {"model": "admin.logentry", "pk": 60, "fields": {"action_time": "2020-08-11T16:33:36.116Z", "user": 1, "content_type": 9, "object_id": "27", "object_repr": "7 - secours", "action_flag": 1, "change_message": "[{\"added\": {}}]"}}, {"model": "admin.logentry", "pk": 61, "fields": {"action_time": "2020-08-11T16:33:50.600Z", "user": 1, "content_type": 9, "object_id": "28", "object_repr": "8 - secours", "action_flag": 1, "change_message": "[{\"added\": {}}]"}}, {"model": "admin.logentry", "pk": 62, "fields": {"action_time": "2020-08-11T16:35:12.665Z", "user": 1, "content_type": 9, "object_id": "29", "object_repr": "9 - secours", "action_flag": 1, "change_message": "[{\"added\": {}}]"}}, {"model": "admin.logentry", "pk": 63, "fields": {"action_time": "2020-08-11T16:35:29.039Z", "user": 1, "content_type": 9, "object_id": "30", "object_repr": "10 - secours", "action_flag": 1, "change_message": "[{\"added\": {}}]"}}, {"model": "admin.logentry", "pk": 64, "fields": {"action_time": "2020-08-11T16:36:44.484Z", "user": 1, "content_type": 7, "object_id": "1", "object_repr": "1", "action_flag": 1, "change_message": "[{\"added\": {}}]"}}, {"model": "admin.logentry", "pk": 65, "fields": {"action_time": "2020-08-11T16:36:50.896Z", "user": 1, "content_type": 7, "object_id": "2", "object_repr": "2", "action_flag": 1, "change_message": "[{\"added\": {}}]"}}, {"model": "admin.logentry", "pk": 66, "fields": {"action_time": "2020-08-11T16:36:56.944Z", "user": 1, "content_type": 7, "object_id": "3", "object_repr": "3", "action_flag": 1, "change_message": "[{\"added\": {}}]"}}, {"model": "admin.logentry", "pk": 67, "fields": {"action_time": "2020-08-11T16:39:52.819Z", "user": 1, "content_type": 12, "object_id": "3", "object_repr": "1 - tri 1", "action_flag": 1, "change_message": "[{\"added\": {}}]"}}, {"model": "admin.logentry", "pk": 68, "fields": {"action_time": "2020-08-11T16:40:10.425Z", "user": 1, "content_type": 12, "object_id": "4", "object_repr": "1 - tri 2", "action_flag": 1, "change_message": "[{\"added\": {}}]"}}, {"model": "admin.logentry", "pk": 69, "fields": {"action_time": "2020-08-11T16:40:38.357Z", "user": 1, "content_type": 12, "object_id": "5", "object_repr": "1 - tri 3", "action_flag": 1, "change_message": "[{\"added\": {}}]"}}, {"model": "admin.logentry", "pk": 70, "fields": {"action_time": "2020-08-17T05:20:21.154Z", "user": 1, "content_type": 7, "object_id": "3", "object_repr": "3", "action_flag": 2, "change_message": "[{\"changed\": {\"fields\": [\"Answer text\"]}}]"}}, {"model": "admin.logentry", "pk": 71, "fields": {"action_time": "2020-08-17T05:20:27.228Z", "user": 1, "content_type": 7, "object_id": "2", "object_repr": "2", "action_flag": 2, "change_message": "[{\"changed\": {\"fields\": [\"Answer text\"]}}]"}}, {"model": "admin.logentry", "pk": 72, "fields": {"action_time": "2020-08-17T05:20:33.421Z", "user": 1, "content_type": 7, "object_id": "1", "object_repr": "1", "action_flag": 2, "change_message": "[{\"changed\": {\"fields\": [\"Answer text\"]}}]"}}, {"model": "admin.logentry", "pk": 73, "fields": {"action_time": "2020-08-27T06:18:06.277Z", "user": 1, "content_type": 10, "object_id": "10", "object_repr": "Tri des d\u00e9chets - niveau 1", "action_flag": 1, "change_message": "[{\"added\": {}}]"}}, {"model": "admin.logentry", "pk": 74, "fields": {"action_time": "2020-08-27T06:19:09.663Z", "user": 1, "content_type": 9, "object_id": "31", "object_repr": "plastique/poubelles", "action_flag": 1, "change_message": "[{\"added\": {}}]"}}, {"model": "admin.logentry", "pk": 75, "fields": {"action_time": "2020-08-27T06:19:57.723Z", "user": 1, "content_type": 7, "object_id": "4", "object_repr": "poubelle jaune", "action_flag": 1, "change_message": "[{\"added\": {}}]"}}, {"model": "admin.logentry", "pk": 76, "fields": {"action_time": "2020-08-27T06:20:17.605Z", "user": 1, "content_type": 7, "object_id": "5", "object_repr": "poubelle verte", "action_flag": 1, "change_message": "[{\"added\": {}}]"}}, {"model": "admin.logentry", "pk": 77, "fields": {"action_time": "2020-08-27T06:21:10.462Z", "user": 1, "content_type": 7, "object_id": "6", "object_repr": "poubelle ordinaire", "action_flag": 1, "change_message": "[{\"added\": {}}]"}}, {"model": "admin.logentry", "pk": 78, "fields": {"action_time": "2020-08-27T06:21:28.142Z", "user": 1, "content_type": 12, "object_id": "6", "object_repr": "plastique/poubelles poubelle jaune", "action_flag": 1, "change_message": "[{\"added\": {}}]"}}, {"model": "admin.logentry", "pk": 79, "fields": {"action_time": "2020-08-27T06:21:38.739Z", "user": 1, "content_type": 12, "object_id": "7", "object_repr": "plastique/poubelles poubelle verte", "action_flag": 1, "change_message": "[{\"added\": {}}]"}}, {"model": "admin.logentry", "pk": 80, "fields": {"action_time": "2020-08-27T06:21:48.203Z", "user": 1, "content_type": 12, "object_id": "8", "object_repr": "plastique/poubelles poubelle ordinaire", "action_flag": 1, "change_message": "[{\"added\": {}}]"}}, {"model": "admin.logentry", "pk": 81, "fields": {"action_time": "2020-08-27T06:30:23.086Z", "user": 1, "content_type": 9, "object_id": "32", "object_repr": "\u00e9pluchure/poubelle", "action_flag": 1, "change_message": "[{\"added\": {}}]"}}, {"model": "admin.logentry", "pk": 82, "fields": {"action_time": "2020-08-27T06:30:58.295Z", "user": 1, "content_type": 7, "object_id": "7", "object_repr": "compost", "action_flag": 1, "change_message": "[{\"added\": {}}]"}}, {"model": "admin.logentry", "pk": 83, "fields": {"action_time": "2020-08-27T06:31:11.893Z", "user": 1, "content_type": 12, "object_id": "9", "object_repr": "\u00e9pluchure/poubelle poubelle verte", "action_flag": 1, "change_message": "[{\"added\": {}}]"}}, {"model": "admin.logentry", "pk": 84, "fields": {"action_time": "2020-08-27T06:31:21.687Z", "user": 1, "content_type": 12, "object_id": "10", "object_repr": "\u00e9pluchure/poubelle poubelle ordinaire", "action_flag": 1, "change_message": "[{\"added\": {}}]"}}, {"model": "admin.logentry", "pk": 85, "fields": {"action_time": "2020-08-27T06:31:32.677Z", "user": 1, "content_type": 12, "object_id": "11", "object_repr": "\u00e9pluchure/poubelle compost", "action_flag": 1, "change_message": "[{\"added\": {}}]"}}, {"model": "admin.logentry", "pk": 86, "fields": {"action_time": "2020-08-27T06:31:49.383Z", "user": 1, "content_type": 9, "object_id": "32", "object_repr": "\u00e9pluchure/poubelle", "action_flag": 2, "change_message": "[{\"changed\": {\"fields\": [\"Question text\"]}}]"}}, {"model": "admin.logentry", "pk": 87, "fields": {"action_time": "2020-08-27T06:32:32.237Z", "user": 1, "content_type": 9, "object_id": "33", "object_repr": "cannette/poubelle", "action_flag": 1, "change_message": "[{\"added\": {}}]"}}, {"model": "admin.logentry", "pk": 88, "fields": {"action_time": "2020-08-27T06:32:55.538Z", "user": 1, "content_type": 12, "object_id": "12", "object_repr": "cannette/poubelle poubelle verte", "action_flag": 1, "change_message": "[{\"added\": {}}]"}}, {"model": "admin.logentry", "pk": 89, "fields": {"action_time": "2020-08-27T06:33:07.447Z", "user": 1, "content_type": 12, "object_id": "13", "object_repr": "cannette/poubelle poubelle jaune", "action_flag": 1, "change_message": "[{\"added\": {}}]"}}, {"model": "admin.logentry", "pk": 90, "fields": {"action_time": "2020-08-27T06:33:18.383Z", "user": 1, "content_type": 12, "object_id": "14", "object_repr": "cannette/poubelle poubelle ordinaire", "action_flag": 1, "change_message": "[{\"added\": {}}]"}}, {"model": "admin.logentry", "pk": 91, "fields": {"action_time": "2020-09-14T19:12:09.181Z", "user": 1, "content_type": 10, "object_id": "9", "object_repr": "3 - secours", "action_flag": 3, "change_message": ""}}, {"model": "admin.logentry", "pk": 92, "fields": {"action_time": "2020-09-14T19:12:09.210Z", "user": 1, "content_type": 10, "object_id": "8", "object_repr": "2 - secours", "action_flag": 3, "change_message": ""}}, {"model": "admin.logentry", "pk": 93, "fields": {"action_time": "2020-09-14T19:12:09.211Z", "user": 1, "content_type": 10, "object_id": "7", "object_repr": "1 - secours", "action_flag": 3, "change_message": ""}}, {"model": "admin.logentry", "pk": 94, "fields": {"action_time": "2020-09-14T19:12:09.212Z", "user": 1, "content_type": 10, "object_id": "6", "object_repr": "3 - saisonnalit\u00e9", "action_flag": 3, "change_message": ""}}, {"model": "admin.logentry", "pk": 95, "fields": {"action_time": "2020-09-14T19:12:09.214Z", "user": 1, "content_type": 10, "object_id": "5", "object_repr": "2 - saisonnalit\u00e9", "action_flag": 3, "change_message": ""}}, {"model": "admin.logentry", "pk": 96, "fields": {"action_time": "2020-09-14T19:12:09.217Z", "user": 1, "content_type": 10, "object_id": "4", "object_repr": "1 - saisonnalit\u00e9", "action_flag": 3, "change_message": ""}}, {"model": "admin.logentry", "pk": 97, "fields": {"action_time": "2020-09-14T19:12:09.217Z", "user": 1, "content_type": 10, "object_id": "3", "object_repr": "3 - tri", "action_flag": 3, "change_message": ""}}, {"model": "admin.logentry", "pk": 98, "fields": {"action_time": "2020-09-14T19:12:09.218Z", "user": 1, "content_type": 10, "object_id": "2", "object_repr": "2 - tri", "action_flag": 3, "change_message": ""}}, {"model": "admin.logentry", "pk": 99, "fields": {"action_time": "2020-09-14T19:12:09.219Z", "user": 1, "content_type": 10, "object_id": "1", "object_repr": "1 - tri", "action_flag": 3, "change_message": ""}}, {"model": "admin.logentry", "pk": 100, "fields": {"action_time": "2020-09-14T19:12:24.653Z", "user": 1, "content_type": 7, "object_id": "3", "object_repr": "3", "action_flag": 3, "change_message": ""}}, {"model": "admin.logentry", "pk": 101, "fields": {"action_time": "2020-09-14T19:12:24.656Z", "user": 1, "content_type": 7, "object_id": "2", "object_repr": "2", "action_flag": 3, "change_message": ""}}, {"model": "admin.logentry", "pk": 102, "fields": {"action_time": "2020-09-14T19:12:24.658Z", "user": 1, "content_type": 7, "object_id": "1", "object_repr": "1", "action_flag": 3, "change_message": ""}}, {"model": "admin.logentry", "pk": 103, "fields": {"action_time": "2020-09-14T19:12:41.557Z", "user": 1, "content_type": 12, "object_id": "5", "object_repr": "1 - tri None", "action_flag": 3, "change_message": ""}}, {"model": "admin.logentry", "pk": 104, "fields": {"action_time": "2020-09-14T19:12:41.559Z", "user": 1, "content_type": 12, "object_id": "4", "object_repr": "1 - tri None", "action_flag": 3, "change_message": ""}}, {"model": "admin.logentry", "pk": 105, "fields": {"action_time": "2020-09-14T19:12:41.560Z", "user": 1, "content_type": 12, "object_id": "3", "object_repr": "1 - tri None", "action_flag": 3, "change_message": ""}}, {"model": "admin.logentry", "pk": 106, "fields": {"action_time": "2020-09-14T19:13:39.562Z", "user": 1, "content_type": 9, "object_id": "30", "object_repr": "10 - secours", "action_flag": 3, "change_message": ""}}, {"model": "admin.logentry", "pk": 107, "fields": {"action_time": "2020-09-14T19:13:39.566Z", "user": 1, "content_type": 9, "object_id": "29", "object_repr": "9 - secours", "action_flag": 3, "change_message": ""}}, {"model": "admin.logentry", "pk": 108, "fields": {"action_time": "2020-09-14T19:13:39.570Z", "user": 1, "content_type": 9, "object_id": "28", "object_repr": "8 - secours", "action_flag": 3, "change_message": ""}}, {"model": "admin.logentry", "pk": 109, "fields": {"action_time": "2020-09-14T19:13:39.571Z", "user": 1, "content_type": 9, "object_id": "27", "object_repr": "7 - secours", "action_flag": 3, "change_message": ""}}, {"model": "admin.logentry", "pk": 110, "fields": {"action_time": "2020-09-14T19:13:39.572Z", "user": 1, "content_type": 9, "object_id": "26", "object_repr": "6 - secours", "action_flag": 3, "change_message": ""}}, {"model": "admin.logentry", "pk": 111, "fields": {"action_time": "2020-09-14T19:13:39.573Z", "user": 1, "content_type": 9, "object_id": "25", "object_repr": "5 - secours", "action_flag": 3, "change_message": ""}}, {"model": "admin.logentry", "pk": 112, "fields": {"action_time": "2020-09-14T19:13:39.574Z", "user": 1, "content_type": 9, "object_id": "24", "object_repr": "4 - secours", "action_flag": 3, "change_message": ""}}, {"model": "admin.logentry", "pk": 113, "fields": {"action_time": "2020-09-14T19:13:39.574Z", "user": 1, "content_type": 9, "object_id": "23", "object_repr": "3 - secours", "action_flag": 3, "change_message": ""}}, {"model": "admin.logentry", "pk": 114, "fields": {"action_time": "2020-09-14T19:13:39.575Z", "user": 1, "content_type": 9, "object_id": "22", "object_repr": "2 - secours", "action_flag": 3, "change_message": ""}}, {"model": "admin.logentry", "pk": 115, "fields": {"action_time": "2020-09-14T19:13:39.576Z", "user": 1, "content_type": 9, "object_id": "21", "object_repr": "1 - secours", "action_flag": 3, "change_message": ""}}, {"model": "admin.logentry", "pk": 116, "fields": {"action_time": "2020-09-14T19:13:39.576Z", "user": 1, "content_type": 9, "object_id": "20", "object_repr": "10 - saisonnalit\u00e9", "action_flag": 3, "change_message": ""}}, {"model": "admin.logentry", "pk": 117, "fields": {"action_time": "2020-09-14T19:13:39.577Z", "user": 1, "content_type": 9, "object_id": "19", "object_repr": "9 - saisonnalit\u00e9", "action_flag": 3, "change_message": ""}}, {"model": "admin.logentry", "pk": 118, "fields": {"action_time": "2020-09-14T19:13:39.578Z", "user": 1, "content_type": 9, "object_id": "18", "object_repr": "8 -  saisonnalit\u00e9", "action_flag": 3, "change_message": ""}}, {"model": "admin.logentry", "pk": 119, "fields": {"action_time": "2020-09-14T19:13:39.578Z", "user": 1, "content_type": 9, "object_id": "17", "object_repr": "7 - saisonnalit\u00e9", "action_flag": 3, "change_message": ""}}, {"model": "admin.logentry", "pk": 120, "fields": {"action_time": "2020-09-14T19:13:39.579Z", "user": 1, "content_type": 9, "object_id": "16", "object_repr": "6 - saisonnalit\u00e9", "action_flag": 3, "change_message": ""}}, {"model": "admin.logentry", "pk": 121, "fields": {"action_time": "2020-09-14T19:13:39.579Z", "user": 1, "content_type": 9, "object_id": "15", "object_repr": "5 - saisonnalit\u00e9", "action_flag": 3, "change_message": ""}}, {"model": "admin.logentry", "pk": 122, "fields": {"action_time": "2020-09-14T19:13:39.580Z", "user": 1, "content_type": 9, "object_id": "14", "object_repr": "4 - saisonnalit\u00e9", "action_flag": 3, "change_message": ""}}, {"model": "admin.logentry", "pk": 123, "fields": {"action_time": "2020-09-14T19:13:39.580Z", "user": 1, "content_type": 9, "object_id": "13", "object_repr": "3 - saisonnalit\u00e9", "action_flag": 3, "change_message": ""}}, {"model": "admin.logentry", "pk": 124, "fields": {"action_time": "2020-09-14T19:13:39.581Z", "user": 1, "content_type": 9, "object_id": "12", "object_repr": "2 - saisonnalit\u00e9", "action_flag": 3, "change_message": ""}}, {"model": "admin.logentry", "pk": 125, "fields": {"action_time": "2020-09-14T19:13:39.582Z", "user": 1, "content_type": 9, "object_id": "11", "object_repr": "1 - saisonnalit\u00e9", "action_flag": 3, "change_message": ""}}, {"model": "admin.logentry", "pk": 126, "fields": {"action_time": "2020-09-14T19:13:39.583Z", "user": 1, "content_type": 9, "object_id": "10", "object_repr": "10 - tri", "action_flag": 3, "change_message": ""}}, {"model": "admin.logentry", "pk": 127, "fields": {"action_time": "2020-09-14T19:13:39.585Z", "user": 1, "content_type": 9, "object_id": "9", "object_repr": "9 - tri", "action_flag": 3, "change_message": ""}}, {"model": "admin.logentry", "pk": 128, "fields": {"action_time": "2020-09-14T19:13:39.587Z", "user": 1, "content_type": 9, "object_id": "8", "object_repr": "8 - tri", "action_flag": 3, "change_message": ""}}, {"model": "admin.logentry", "pk": 129, "fields": {"action_time": "2020-09-14T19:13:39.588Z", "user": 1, "content_type": 9, "object_id": "7", "object_repr": "7 - tri", "action_flag": 3, "change_message": ""}}, {"model": "admin.logentry", "pk": 130, "fields": {"action_time": "2020-09-14T19:13:39.588Z", "user": 1, "content_type": 9, "object_id": "6", "object_repr": "6 - tri", "action_flag": 3, "change_message": ""}}, {"model": "admin.logentry", "pk": 131, "fields": {"action_time": "2020-09-14T19:13:39.589Z", "user": 1, "content_type": 9, "object_id": "5", "object_repr": "5 - tri", "action_flag": 3, "change_message": ""}}, {"model": "admin.logentry", "pk": 132, "fields": {"action_time": "2020-09-14T19:13:39.590Z", "user": 1, "content_type": 9, "object_id": "4", "object_repr": "4 - tri", "action_flag": 3, "change_message": ""}}, {"model": "admin.logentry", "pk": 133, "fields": {"action_time": "2020-09-14T19:13:39.591Z", "user": 1, "content_type": 9, "object_id": "3", "object_repr": "3 - tri", "action_flag": 3, "change_message": ""}}, {"model": "admin.logentry", "pk": 134, "fields": {"action_time": "2020-09-14T19:13:39.592Z", "user": 1, "content_type": 9, "object_id": "2", "object_repr": "2 - tri", "action_flag": 3, "change_message": ""}}, {"model": "admin.logentry", "pk": 135, "fields": {"action_time": "2020-09-14T19:13:39.592Z", "user": 1, "content_type": 9, "object_id": "1", "object_repr": "1 - tri", "action_flag": 3, "change_message": ""}}, {"model": "admin.logentry", "pk": 136, "fields": {"action_time": "2020-09-14T19:14:10.626Z", "user": 1, "content_type": 10, "object_id": "11", "object_repr": "Premier secours - Niveau 1", "action_flag": 1, "change_message": "[{\"added\": {}}]"}}, {"model": "admin.logentry", "pk": 137, "fields": {"action_time": "2020-09-14T19:16:48.224Z", "user": 1, "content_type": 10, "object_id": "11", "object_repr": "Premier secours - La PLS", "action_flag": 2, "change_message": "[{\"changed\": {\"fields\": [\"Name\"]}}]"}}, {"model": "admin.logentry", "pk": 138, "fields": {"action_time": "2020-09-14T19:17:22.680Z", "user": 1, "content_type": 9, "object_id": "34", "object_repr": "But de la PLS", "action_flag": 1, "change_message": "[{\"added\": {}}]"}}, {"model": "admin.logentry", "pk": 139, "fields": {"action_time": "2020-09-14T19:18:47.275Z", "user": 1, "content_type": 7, "object_id": "8", "object_repr": "Eviter l'\u00e9touffement", "action_flag": 1, "change_message": "[{\"added\": {}}]"}}, {"model": "admin.logentry", "pk": 140, "fields": {"action_time": "2020-09-14T19:19:08.171Z", "user": 1, "content_type": 7, "object_id": "9", "object_repr": "Eviter une crise cardiaque", "action_flag": 1, "change_message": "[{\"added\": {}}]"}}, {"model": "admin.logentry", "pk": 141, "fields": {"action_time": "2020-09-14T19:19:33.160Z", "user": 1, "content_type": 7, "object_id": "10", "object_repr": "Ralentir hemorragie", "action_flag": 1, "change_message": "[{\"added\": {}}]"}}, {"model": "admin.logentry", "pk": 142, "fields": {"action_time": "2020-09-14T19:20:34.197Z", "user": 1, "content_type": 12, "object_id": "15", "object_repr": "But de la PLS Eviter une crise cardiaque", "action_flag": 1, "change_message": "[{\"added\": {}}]"}}, {"model": "admin.logentry", "pk": 143, "fields": {"action_time": "2020-09-14T19:20:43.833Z", "user": 1, "content_type": 12, "object_id": "16", "object_repr": "But de la PLS Eviter l'\u00e9touffement", "action_flag": 1, "change_message": "[{\"added\": {}}]"}}, {"model": "admin.logentry", "pk": 144, "fields": {"action_time": "2020-09-14T19:20:59.442Z", "user": 1, "content_type": 12, "object_id": "17", "object_repr": "But de la PLS Ralentir hemorragie", "action_flag": 1, "change_message": "[{\"added\": {}}]"}}, {"model": "admin.logentry", "pk": 145, "fields": {"action_time": "2020-09-14T19:24:07.283Z", "user": 1, "content_type": 9, "object_id": "35", "object_repr": "Victime casqu\u00e9e", "action_flag": 1, "change_message": "[{\"added\": {}}]"}}, {"model": "admin.logentry", "pk": 146, "fields": {"action_time": "2020-09-14T19:24:26.796Z", "user": 1, "content_type": 7, "object_id": "11", "object_repr": "Retirer le casque", "action_flag": 1, "change_message": "[{\"added\": {}}]"}}, {"model": "admin.logentry", "pk": 147, "fields": {"action_time": "2020-09-14T19:25:46.278Z", "user": 1, "content_type": 7, "object_id": "12", "object_repr": "Retirer casque si form\u00e9", "action_flag": 1, "change_message": "[{\"added\": {}}]"}}, {"model": "admin.logentry", "pk": 148, "fields": {"action_time": "2020-09-14T19:26:02.573Z", "user": 1, "content_type": 7, "object_id": "13", "object_repr": "Laisser le casque", "action_flag": 1, "change_message": "[{\"added\": {}}]"}}, {"model": "admin.logentry", "pk": 149, "fields": {"action_time": "2020-09-14T19:26:16.252Z", "user": 1, "content_type": 12, "object_id": "18", "object_repr": "Victime casqu\u00e9e Laisser le casque", "action_flag": 1, "change_message": "[{\"added\": {}}]"}}, {"model": "admin.logentry", "pk": 150, "fields": {"action_time": "2020-09-14T19:26:28.708Z", "user": 1, "content_type": 12, "object_id": "19", "object_repr": "Victime casqu\u00e9e Retirer casque si form\u00e9", "action_flag": 1, "change_message": "[{\"added\": {}}]"}}, {"model": "admin.logentry", "pk": 151, "fields": {"action_time": "2020-09-14T19:26:36.828Z", "user": 1, "content_type": 12, "object_id": "20", "object_repr": "Victime casqu\u00e9e Retirer le casque", "action_flag": 1, "change_message": "[{\"added\": {}}]"}}, {"model": "admin.logentry", "pk": 152, "fields": {"action_time": "2020-09-14T19:27:41.737Z", "user": 1, "content_type": 9, "object_id": "36", "object_repr": "Cas dans lequel faire une PLS", "action_flag": 1, "change_message": "[{\"added\": {}}]"}}, {"model": "admin.logentry", "pk": 153, "fields": {"action_time": "2020-09-14T19:28:30.663Z", "user": 1, "content_type": 7, "object_id": "14", "object_repr": "victime inconsciente respire", "action_flag": 1, "change_message": "[{\"added\": {}}]"}}, {"model": "admin.logentry", "pk": 154, "fields": {"action_time": "2020-09-14T19:29:04.711Z", "user": 1, "content_type": 7, "object_id": "15", "object_repr": "victime inconsciente ne respire pas", "action_flag": 1, "change_message": "[{\"added\": {}}]"}}, {"model": "admin.logentry", "pk": 155, "fields": {"action_time": "2020-09-14T19:29:22.544Z", "user": 1, "content_type": 7, "object_id": "16", "object_repr": "vitcime consciente", "action_flag": 1, "change_message": "[{\"added\": {}}]"}}, {"model": "admin.logentry", "pk": 156, "fields": {"action_time": "2020-09-14T19:29:44.599Z", "user": 1, "content_type": 12, "object_id": "21", "object_repr": "Cas dans lequel faire une PLS victime inconsciente respire", "action_flag": 1, "change_message": "[{\"added\": {}}]"}}, {"model": "admin.logentry", "pk": 157, "fields": {"action_time": "2020-09-14T19:29:53.916Z", "user": 1, "content_type": 12, "object_id": "22", "object_repr": "Cas dans lequel faire une PLS victime inconsciente ne respire pas", "action_flag": 1, "change_message": "[{\"added\": {}}]"}}, {"model": "admin.logentry", "pk": 158, "fields": {"action_time": "2020-09-14T19:30:15.850Z", "user": 1, "content_type": 12, "object_id": "23", "object_repr": "Cas dans lequel faire une PLS vitcime consciente", "action_flag": 1, "change_message": "[{\"added\": {}}]"}}, {"model": "admin.logentry", "pk": 159, "fields": {"action_time": "2020-10-22T06:40:06.865Z", "user": 1, "content_type": 11, "object_id": "2", "object_repr": "Score de admin sur le quizz Tri des d\u00e9chets - niveau 1", "action_flag": 3, "change_message": ""}}, {"model": "admin.logentry", "pk": 160, "fields": {"action_time": "2020-10-31T15:36:03.114Z", "user": 1, "content_type": 9, "object_id": "36", "object_repr": "Cas dans lequel faire une PLS", "action_flag": 2, "change_message": "[{\"changed\": {\"fields\": [\"Quizz\"]}}]"}}, {"model": "admin.logentry", "pk": 161, "fields": {"action_time": "2020-10-31T15:36:06.413Z", "user": 1, "content_type": 9, "object_id": "35", "object_repr": "Victime casqu\u00e9e", "action_flag": 2, "change_message": "[{\"changed\": {\"fields\": [\"Quizz\"]}}]"}}, {"model": "admin.logentry", "pk": 162, "fields": {"action_time": "2020-10-31T15:36:09.548Z", "user": 1, "content_type": 9, "object_id": "34", "object_repr": "But de la PLS", "action_flag": 2, "change_message": "[{\"changed\": {\"fields\": [\"Quizz\"]}}]"}}, {"model": "admin.logentry", "pk": 163, "fields": {"action_time": "2020-11-10T08:09:08.954Z", "user": 1, "content_type": 9, "object_id": "34", "object_repr": "But de la PLS", "action_flag": 2, "change_message": "[{\"changed\": {\"fields\": [\"Quizz\"]}}]"}}, {"model": "admin.logentry", "pk": 164, "fields": {"action_time": "2020-11-10T08:09:11.825Z", "user": 1, "content_type": 9, "object_id": "35", "object_repr": "Victime casqu\u00e9e", "action_flag": 2, "change_message": "[{\"changed\": {\"fields\": [\"Quizz\"]}}]"}}, {"model": "admin.logentry", "pk": 165, "fields": {"action_time": "2020-11-10T08:09:14.515Z", "user": 1, "content_type": 9, "object_id": "36", "object_repr": "Cas dans lequel faire une PLS", "action_flag": 2, "change_message": "[{\"changed\": {\"fields\": [\"Quizz\"]}}]"}}, {"model": "admin.logentry", "pk": 166, "fields": {"action_time": "2020-11-21T10:09:56.074Z", "user": 1, "content_type": 11, "object_id": "4", "object_repr": "Score de admin sur le quizz Premier secours - La PLS", "action_flag": 3, "change_message": ""}}, {"model": "admin.logentry", "pk": 167, "fields": {"action_time": "2020-11-21T10:09:56.080Z", "user": 1, "content_type": 11, "object_id": "3", "object_repr": "Score de admin sur le quizz Tri des d\u00e9chets - niveau 1", "action_flag": 3, "change_message": ""}}, {"model": "admin.logentry", "pk": 168, "fields": {"action_time": "2020-11-21T10:13:32.913Z", "user": 1, "content_type": 11, "object_id": "5", "object_repr": "Score de admin sur le quizz Tri des d\u00e9chets - niveau 1", "action_flag": 3, "change_message": ""}}, {"model": "admin.logentry", "pk": 169, "fields": {"action_time": "2020-11-21T10:18:02.905Z", "user": 1, "content_type": 11, "object_id": "6", "object_repr": "Score de admin sur le quizz Tri des d\u00e9chets - niveau 1", "action_flag": 3, "change_message": ""}}]